{
	"N": 300,
	"obs": [
		115.8567914166645352,
		152.2615371577288670,
		178.8744905891352914,
		162.9350081470792588,
		107.0282069704478687,
		105.1914114638578326,
		118.3828850125410668,
		125.3769803023669596,
		102.8805401104259118,
		206.7132613581522378,
		139.3689112736414870,
		155.4104808778958500,
		148.7593071755844676,
		83.75957653422238991,
		139.9077526119093307,
		120.6223893711136839,
		135.5653294182054935,
		104.8872555335645700,
		110.0078889548582310,
		118.8513733603652440,
		113.2073362373470928,
		101.4642371115838984,
		53.56401814042712317,
		83.43273493925009632,
		158.3050349068367382,
		106.4199800668446869,
		155.8244033676002402,
		113.1988392873396521,
		126.7707052969062715,
		137.3788302432297712,
		120.6953931925136061,
		111.5746362929019284,
		115.4467698745591520,
		99.23198975585711423,
		131.6472257470074680,
		99.96377019794388730,
		111.4213874064032979,
		124.6905912527673479,
		139.1450928299441898,
		136.1514286100230322,
		130.7114960428298787,
		80.81320412094767391,
		107.8213581175719611,
		126.2596451507411501,
		171.2742662463147383,
		157.0100443945581219,
		85.70544719055581595,
		113.5717929149446377,
		137.0765432994399475,
		79.90858139039664820,
		47.40688606684956596,
		67.01135245547557417,
		131.6212901516728664,
		132.7180223388547233,
		168.5093629801724546,
		133.7698992870340646,
		175.5485831680152558,
		165.5242363776454511,
		126.8471820873596698,
		167.6015711703536226,
		145.5898511751295246,
		195.6160184192707447,
		118.2224625628614518,
		89.25085983612626706,
		128.6269237190567196,
		99.46176931548411915,
		157.1061188364705856,
		100.2501134175815167,
		117.8736425808296389,
		94.22954036020570356,
		96.32336367696697721,
		130.9771108808969871,
		118.1391667258337890,
		87.18473890259349446,
		146.7363729533580283,
		125.7994960590099538,
		103.4723269322880412,
		111.7477319618722476,
		134.6570263925455890,
		110.4112268972690600,
		124.0279649415264771,
		90.58614097837573809,
		174.3529241470696718,
		145.4735444682585239,
		120.0774356852196547,
		76.84825811735771595,
		132.7615627530778681,
		92.36097068799219301,
		95.52784968289883238,
		133.2776882106832943,
		147.3534846560240510,
		102.0106291189790824,
		96.50714482034651098,
		71.39916441047688522,
		140.1992316904928657,
		95.16569029497389920,
		141.9834249663591095,
		106.6032295735071500,
		150.2077702798387122,
		170.8914207381996277,
		129.9656738905514715,
		113.5507706312860989,
		185.3554068292964416,
		90.21956920397798285,
		69.68136186221670414,
		90.37055157785742665,
		133.2929122157154040,
		143.8895971894569925,
		199.9686126528019372,
		73.47125660893672716,
		172.4387017675225593,
		173.9221981887874904,
		160.4682597323718483,
		55.68169798182179875,
		158.5200286677854251,
		104.0052091982859821,
		106.3286334389799492,
		162.6048095277152470,
		79.11796631966825544,
		130.7427048577662561,
		205.7499230950611206,
		196.8272359917557139,
		188.1442820837430077,
		209.9549294015370151,
		199.8661946532027969,
		211.8440756588201168,
		160.6377918214757301,
		234.5495227313272721,
		197.9870202889300117,
		176.7565653027037627,
		239.2032562427630751,
		220.3634866605279967,
		218.6204436985496784,
		195.8292604060661688,
		176.3536231210040341,
		172.0099990072054084,
		227.6111145823536503,
		203.1618190973077560,
		220.3394620375324564,
		174.8951748467622167,
		224.6467115445838658,
		206.3262381110193644,
		224.3575662535018296,
		178.4441729981658966,
		206.2286003797039768,
		177.5707944495688935,
		215.5143763250597715,
		177.3479541349278747,
		181.2393484934563048,
		201.6410664104029422,
		145.7178963053429754,
		181.1158727168051996,
		169.8815048205628386,
		198.0526657461653031,
		223.7926507603949631,
		204.1601282859148228,
		219.0976423331983938,
		154.9803951612012156,
		228.7320184948024178,
		179.5089638168848865,
		214.7749276781472645,
		192.9292605280932094,
		197.8032695208104599,
		195.2622325493282176,
		194.7411074628796541,
		191.2293268737790584,
		200.3683540126394291,
		223.7343543228302565,
		216.7961900446733807,
		203.7151496864689761,
		189.3550986737426172,
		186.9543411645419724,
		183.5808441751185001,
		197.0709582802755335,
		183.9483199132450295,
		189.7348523707564141,
		207.0561460762054935,
		189.5452441676222008,
		198.8034028044728245,
		222.2104995656967219,
		198.2884182490368516,
		230.1793802104767792,
		208.3751959215908585,
		207.2072807011673206,
		211.7554526928701648,
		223.9912916180006164,
		157.7304662746984150,
		202.9046447898107886,
		212.3748400232716733,
		225.6038299100258939,
		160.4587483000290717,
		212.6142493549542394,
		186.5778321564264672,
		187.8548632982883646,
		193.6829299162293694,
		200.8257869594140175,
		211.4054096588270681,
		222.4942360518713826,
		216.3203170742532109,
		219.6077609078524517,
		196.5973422923452461,
		226.0630069755815157,
		217.5726737014800847,
		189.4721271217474055,
		188.0419412421656489,
		205.5349450451877829,
		200.1211541598505335,
		170.1979823394767095,
		181.4417868513972110,
		217.0818157769599566,
		204.3390449169586986,
		214.2939835438931766,
		208.8157337161389648,
		236.4166235642270237,
		175.8551925587188691,
		218.9818950071079371,
		160.8246952687757698,
		217.3397571355294247,
		204.8043194911894886,
		179.5463132346284851,
		184.8474669873958192,
		277.6035847947849788,
		197.9652195279244609,
		175.1710082689644423,
		179.1648298902669012,
		241.3463278928517184,
		210.9572103136984822,
		237.7593925070711123,
		164.6185402973937641,
		201.7302046842930281,
		227.0142240478414237,
		205.3500422399993681,
		178.1980289145491554,
		181.3298787113023991,
		186.1273376270083304,
		194.8307857093440987,
		213.8709248980183872,
		227.3093834599274317,
		193.7184180374936773,
		197.3234243988711398,
		177.3274744436027390,
		233.1499462797156070,
		181.3647726372266504,
		216.4952973412599704,
		206.8273352048135223,
		190.7417796433622073,
		160.1869449674381372,
		235.9528734619659076,
		214.2796628839945186,
		222.0949791177241082,
		198.6970344800319026,
		198.4994134360097178,
		201.6572983625352435,
		204.5002706098395606,
		215.2174652951992471,
		198.7922144174747530,
		224.1648159527295547,
		220.5483546065124472,
		155.8159484378380171,
		167.6495617850407598,
		185.0186838826528231,
		246.4145786167696599,
		248.6409397084338195,
		176.7515487795867273,
		186.9117804626637849,
		187.0810635558241586,
		195.8352409681716324,
		161.4541679698469920,
		182.0210126509980739,
		219.9473579766136595,
		213.3444798833926654,
		209.0551017466646613,
		204.6156673206388064,
		199.2916910824319530,
		194.6361653458499745,
		242.1374635348616948,
		211.0007927344491918,
		166.2765715442542671,
		194.9143298584492641,
		187.5771759652629953,
		221.9149956242236783,
		187.6747717865994218,
		197.1850332862213122,
		148.2140589550791105,
		206.4803608972869711,
		213.4641290909328859,
		191.9518147378720414,
		180.0465916326361935,
		220.3791380076491464,
		222.3561248500241163,
		227.8082046953573752,
		218.1685881622520640,
		186.3762249820889565,
		177.5192919731025256,
		176.4703438636786075,
		231.5749158793883566,
		217.1688340729648985,
		242.3196685427484454,
		196.3990296752487268,
		222.8190673247157747
	]
}
